Alcohol,Malicacid,Ash,Acl,Mg,Phenols,Flavanoids,Nonflavanoidphenols,Proanth,Colorint,Hue,OD,Proline,Wine,n_Alcohol,n_Malicacid,n_Ash,n_Acl,n_Mg,n_Phenols,n_Flavanoids,n_Nonflavanoidphenols,n_Proanth,n_Colorint,n_Hue,n_OD,n_Proline,n_Wine
11.535980726302746,3.9326510827566032,2.0031375475753914,29.59642449390735,73.32806090077528,3.0464326068534358,1.5758905351948356,0.17815787752035053,0.5656224705203606,5.821011178459087,1.1880827946371002,1.2837807847489282,1576.489710876616,1,11.535872121977407,3.937376399484387,2.0018534599551496,29.59604046322814,73.3283013162728,3.0453629275947898,1.5725060873907464,0.1783219935945269,0.56504667292274,5.82084713125803,1.187590530948003,1.2836673144942772,1576.4790301876244,2
11.46310562083531,4.900359176189785,2.7519600701206017,14.238025886903355,159.50691618364,1.373073482711062,1.579207745871482,0.5052229527773879,2.6471819619910564,4.801676560649892,1.361290199027704,1.7019545989203977,879.8704859233245,1,11.462520969927008,4.900236619848832,2.751975556525128,14.23803787734044,159.50638465904717,1.3734411139289548,1.574760351975682,0.5054174899271583,2.6480396926372856,4.800845499553621,1.3612970797595993,1.7026496753430964,879.8704841760795,3
13.693176724110552,2.820147356716923,2.688995399004535,28.370482616611266,126.57058979839454,2.1507618283429433,1.5778254216662242,0.34424302452979916,2.1457403031871323,11.642912961451097,0.6397334082492147,2.042499741548129,1479.731373677107,1,13.692141156254015,2.820904899398015,2.6888132949710477,28.37073949561886,126.56445803530875,2.150466071658032,1.5732552017700565,0.3443148846599816,2.1435865109256977,11.642478923815286,0.639984273396916,2.0425850030597785,1479.7299611544406,3
13.384856919685292,0.7760521749269818,2.3583760567458074,29.099440537084355,127.14420454075773,2.5126922858586664,4.651631667024671,0.1675271555201313,1.0671703387153344,3.461430740763279,1.1255868613835511,2.3182915809770828,1170.2595481641617,1,13.384733274287148,0.7746478132111213,2.35794963032624,29.099257720194213,127.14301141511464,2.5136895599614824,4.650791457203117,0.16767515638613514,1.067567542047262,3.4566550083188505,1.1267464772242584,2.3189021507163092,1170.2575143788592,2
12.087643335837077,3.066457106841106,2.3155651761617713,18.635824827798395,72.9286100837977,1.8354513815123341,1.5767009478916836,0.47356537097628715,2.549942032377783,4.1373426575642345,0.7054558601902763,1.6443210371523684,441.5084212748766,2,12.08967182754836,3.0664287439680495,2.3167523624393707,18.636177802620217,72.92941629353021,1.8370869043769806,1.5734363961824251,0.47328694188578024,2.548902333050341,4.138515109198319,0.7059750834205396,1.6446582649225359,441.5089902072295,3
14.025344789445429,0.9027392753817689,2.1425341137670113,15.831883518913854,81.38983495963191,2.129624938084383,2.381750859532547,0.3803765748937772,2.0815494865742243,3.460279168215503,1.2111858948265706,3.4486086202090407,1082.328860588321,1,14.026456821768837,0.9023953321431717,2.142748612540629,15.83177137083613,81.3893418117961,2.1321311361320476,2.382117608349748,0.3809035574899956,2.081414207505436,3.458990506229536,1.2112595394322423,3.4483505771586125,1082.329145427823,2
14.654261241184411,5.576371014144765,2.006488777722874,26.110213000880393,160.8496024494046,3.3273532528399774,1.5754892525008148,0.2651447336255404,0.7606164744978481,4.2444853507459905,0.8052121394650544,1.4779375996415238,1318.5701705999165,1,14.653625355868133,5.575046734884155,2.0064303866404885,26.11042133474274,160.84815179282432,3.3275566060691584,1.5747187993119152,0.265508855396503,0.7605170978336819,4.244344395134453,0.8049053112693308,1.4779141723799314,1318.5697829010878,2
13.692056352977291,1.7180498736784735,2.5106755747942437,22.38737553542364,87.73831052367993,2.7424062634979367,1.575103523512646,0.4121809954006218,1.758210659206672,6.146775221814897,0.9933569383549451,2.575001563201774,1374.0371676742072,1,13.69205981544661,1.7179021470949871,2.5109945713973634,22.387832873968815,87.73856416354408,2.7427690152030624,1.5749325854156149,0.4120648973735854,1.7583496608521718,6.147422903237896,0.9929708653565791,2.5758175564536927,1374.037602149704,3
12.135473558683856,3.853915083252064,2.0582177368655743,16.746210806643973,114.90347282268277,2.9301317057301417,0.7204157904693446,0.39616176884751886,0.7494017561951924,9.557644492670775,0.902311819621961,2.214134035023091,1676.8936221534213,2,12.135406193087674,3.8536214031310827,2.06000650392125,16.74640496583806,114.90510461361248,2.9301728352135967,0.7198880484996129,0.3958381301640632,0.7494087052162738,9.557403675353703,0.9024607695349658,2.2142865505879303,1676.8942265253481,3
14.146957046531197,5.391512697973335,2.6611073128858505,14.569642129449779,149.57614380974246,3.836560008042345,1.5752347897536276,0.3152317553790049,2.094373265091765,6.018795835388962,0.5280058731115008,1.6511133935733757,648.1288824144721,1,14.150282273933106,5.3918111586517625,2.66145061766952,14.569161466599455,149.576675493036,3.8354828830836003,1.5707788844134212,0.31488141576204615,2.094035802964212,6.020095876300095,0.5284731871918912,1.6516542189037478,648.1285300788784,3
12.490340528513126,3.711333997292353,2.5569024397683653,14.698993646693632,76.49130412533412,1.9260112349587108,1.5753398104389964,0.5830289008020597,1.763708471143398,3.9363593144560145,1.209263126335375,2.880215379883775,719.3791386312486,2,12.488574496137737,3.7102447324273387,2.557877481661785,14.698769547808345,76.4903782346906,1.92790589412,1.5706583418358033,0.5833735407479669,1.7641788359029187,3.936403286855698,1.2089418893970798,2.8822505898430544,719.3792916156581,3
13.233545023793036,1.9163818992049082,2.0591791032544746,18.841031398600084,160.97270503231627,2.6240606368488697,1.0046785634343844,0.3989071935563057,1.5436006346845945,4.438443601819729,1.6663732918812,2.5481206238628413,525.0454500269519,2,13.234452691141836,1.916772628859947,2.0602956381468664,18.83934349895654,160.9735864257089,2.6241890501591034,1.0059398464704254,0.39898302888688425,1.544075443001517,4.438376926489966,1.6666496515452407,2.5480650001272696,525.0456426441074,3
12.961193840931838,3.4455222992123717,2.0591047128685402,26.820996435294322,157.51860796836468,2.939326251897296,1.1255687025330186,0.23994288920476714,2.8921159287960654,4.455823981332098,1.437221969665573,2.7011686884887105,762.574431951278,2,12.961383227326092,3.4456505419922383,2.0605068530595547,26.820613213174976,157.51891814324046,2.940318595900892,1.125504904597055,0.23997952340252118,2.891781363900454,4.455370366175731,1.4372746065648323,2.700666771100656,762.5745408933225,3
12.907041289675147,3.4982959255896415,2.059258613281112,19.673570499402672,76.36548233548949,2.9945198048563553,0.9124147060227634,0.49445285283658086,0.7084739549471659,4.685675708368388,0.8106927227827598,1.8379115934477295,298.2508912186655,2,12.907283829154922,3.4978296897174377,2.0610247396900707,19.679951626520733,76.36724856825232,2.995227319920298,0.913290347758007,0.4945791384792389,0.7084197344210139,4.685363068691306,0.8099060918550187,1.8379512956876365,298.2558298237661,3
13.432658504391956,3.2789221918923435,2.1346220628519808,14.256049430911858,160.91487979175744,1.7378244049291642,3.445642677172681,0.27509658802059794,2.3578639896038918,3.462249416101351,0.9561861416148236,2.725528007384657,1015.2223469721988,1,13.432109582221724,3.278396198982848,2.133777230812505,14.256321211425545,160.9164123201637,1.7385570968821218,3.44555757131784,0.2751095135306554,2.3571642392113428,3.456200871709917,0.956916637821251,2.7256390098087673,1015.2201165716492,2
13.175322853199457,3.2776406153502493,2.637448215282998,21.806541646036052,75.39358044033247,1.6204424492231155,2.3586483811069283,0.47876514700854655,1.767845797303867,3.447671748310384,0.6816441994533361,1.5047025060096668,576.3602428675106,1,13.174197869431536,3.2788922313876094,2.6384129791072906,21.805192769883558,75.39436647608468,1.6197339801391142,2.3582866869764465,0.4783324014655586,1.76761613138079,3.4478732587616756,0.6818836175600028,1.5051387924332722,576.3631867560102,2
14.591024385788776,2.2796355652677835,2.019230270818603,18.457637864890327,77.62299603631766,2.762981084503279,2.4100062177131947,0.37962311603728494,1.557667164819133,3.463006580876072,1.0005885249902187,3.1948928984717915,1255.0672905763254,1,14.589911944831446,2.28019682650463,2.0196635655875097,18.456801478195178,77.62289659656813,2.7637040196930744,2.411745971851739,0.37928976663298547,1.5587983563544143,3.459784841620438,0.9997240716836786,3.193957619815779,1255.0629684106248,2
13.17581533361663,4.260345075242639,2.408640215551327,14.145710610295785,156.62861287496048,2.027184236400877,2.539411933435684,0.3033613859651165,0.5778601682772689,4.1677370598628345,1.6549082918283944,2.1087453162660976,356.45818331045047,1,13.17416395287303,4.262103784319161,2.4097391064116773,14.145720464708019,156.6300853683614,2.0274399387682873,2.5390155812492843,0.3036462866976033,0.5779840032381977,4.167773987450239,1.6549012106940482,2.108682516034502,356.458150354476,2
14.071615651820848,0.8808119955295255,2.05994304592919,11.715441383824166,75.75760827912018,2.0575936080188884,1.146632015496334,0.21150841335750975,1.5752073677754241,8.104506943338414,1.3284111067426023,3.5862631906580296,819.9055208164738,2,14.071582208161338,0.8807871425111807,2.0614179538062687,11.715266164575235,75.75697566878829,2.0576378710517838,1.1466999317014683,0.21179172362848658,1.5752392436995095,8.104171479607297,1.328643062441475,3.5868026909974002,819.9054456109501,3
14.363591786676741,0.9140332353814156,2.059241862356759,25.21369719417101,74.16896800460353,2.1660250969161936,1.3987013414920584,0.44320450730183664,2.381084506444364,4.514541794882369,0.867643585813005,1.9002518777448736,961.7182099427708,2,14.36336302284011,0.9141813557644081,2.0604085247938744,25.21380300451126,74.16905945857157,2.165636578086582,1.3985605827971077,0.4431712500877929,2.380775790364192,4.514676720573638,0.8676005708226958,1.900321219396568,961.7185785779965,3
